{"cameraMode":{"drawMode":0,"name":"Shaded","section":"Shading Mode"},"sceneLighting":false,"audioPlay":false,"sceneViewState":{"m_AlwaysRefresh":false,"showFog":true,"showSkybox":false,"showFlares":true,"showImageEffects":true,"showParticleSystems":true,"showVisualEffectGraphs":true,"m_FxEnabled":true},"in2DMode":false,"pivot":{"x":-1.2297909259796143,"y":-1.801609754562378,"z":16.252872467041017},"rotation":{"x":0.25309449434280398,"y":-0.2545945942401886,"z":0.06922926008701325,"w":0.9307700991630554},"size":1.0392308235168458,"orthographic":true}